n_pairs,mean_cr_control,mean_cr_test,mean_diff_test_minus_control,t_stat,p_value,ci_low,ci_high
29,0.11477203226762733,0.09097805347330438,-0.023793978794322955,-1.5527782324447028,0.13170732602115692,-0.05518272129187819,0.007594763703232279
